Region,mean_catch
SSE,3184660.714285714
BRB,2709796.49122807
NSE,1825020.8695652173
KOD,1528350
PWS,1419236.6972477064
SOP,1110942.2222222222
CKI,683571.4285714285
CHG,315487.2727272727
NOP,229493.47826086957
COP,179223.40425531915
GSE,133841.46341463414
YAK,91922.91666666667
YUK,68645.56962025317
KSK,67642.35294117648
NRS,51502.7027027027
ALU,40383.90804597701
KTZ,18836.14457831325
BER,16372.549019607843
